Company Name,Industry,Symbol
ABB India Ltd.,Capital Goods,ABB
Adani Energy Solutions Ltd.,Power,ADANIENSOL
Adani Enterprises Ltd.,Metals & Mining,ADANIENT
Adani Green Energy Ltd.,Power,ADANIGREEN
Adani Ports and Special Economic Zone Ltd.,Services,ADANIPORTS
Adani Power Ltd.,Power,ADANIPOWER
Adani Total Gas Ltd.,Oil Gas & Consumable Fuels,ATGL
Ambuja Cements Ltd.,Construction Materials,AMBUJACEM
Apollo Hospitals Enterprise Ltd.,Healthcare,APOLLOHOSP
Asian Paints Ltd.,Consumer Durables,ASIANPAINT
Avenue Supermarts Ltd.,Consumer Services,DMART
Axis Bank Ltd.,Financial Services,AXISBANK
Bajaj Auto Ltd.,Automobile and Auto Components,BAJAJ-AUTO
Bajaj Finance Ltd.,Financial Services,BAJFINANCE
Bajaj Finserv Ltd.,Financial Services,BAJAJFINSV
Bajaj Holdings & Investment Ltd.,Financial Services,BAJAJHLDNG
Bank of Baroda,Financial Services,BANKBARODA
Bharat Electronics Ltd.,Capital Goods,BEL
Bharat Heavy Electricals Ltd.,Capital Goods,BHEL
Bharat Petroleum Corporation Ltd.,Oil Gas & Consumable Fuels,BPCL
Bharti Airtel Ltd.,Telecommunication,BHARTIARTL
Bosch Ltd.,Automobile and Auto Components,BOSCHLTD
Britannia Industries Ltd.,Fast Moving Consumer Goods,BRITANNIA
Canara Bank,Financial Services,CANBK
Cholamandalam Investment and Finance Company Ltd.,Financial Services,CHOLAFIN
Cipla Ltd.,Healthcare,CIPLA
Coal India Ltd.,Oil Gas & Consumable Fuels,COALINDIA
DLF Ltd.,Realty,DLF
Dabur India Ltd.,Fast Moving Consumer Goods,DABUR
Divi's Laboratories Ltd.,Healthcare,DIVISLAB
Dr. Reddy's Laboratories Ltd.,Healthcare,DRREDDY
Eicher Motors Ltd.,Automobile and Auto Components,EICHERMOT
GAIL (India) Ltd.,Oil Gas & Consumable Fuels,GAIL
Godrej Consumer Products Ltd.,Fast Moving Consumer Goods,GODREJCP
Grasim Industries Ltd.,Construction Materials,GRASIM
HCL Technologies Ltd.,Information Technology,HCLTECH
HDFC Bank Ltd.,Financial Services,HDFCBANK
HDFC Life Insurance Company Ltd.,Financial Services,HDFCLIFE
Havells India Ltd.,Consumer Durables,HAVELLS
Hero MotoCorp Ltd.,Automobile and Auto Components,HEROMOTOCO
Hindalco Industries Ltd.,Metals & Mining,HINDALCO
Hindustan Aeronautics Ltd.,Capital Goods,HAL
Hindustan Unilever Ltd.,Fast Moving Consumer Goods,HINDUNILVR
ICICI Bank Ltd.,Financial Services,ICICIBANK
ICICI Lombard General Insurance Company Ltd.,Financial Services,ICICIGI
ICICI Prudential Life Insurance Company Ltd.,Financial Services,ICICIPRULI
ITC Ltd.,Fast Moving Consumer Goods,ITC
Indian Oil Corporation Ltd.,Oil Gas & Consumable Fuels,IOC
Indian Railway Catering And Tourism Corporation Ltd.,Consumer Services,IRCTC
Indian Railway Finance Corporation Ltd.,Financial Services,IRFC
IndusInd Bank Ltd.,Financial Services,INDUSINDBK
Info Edge (India) Ltd.,Consumer Services,NAUKRI
Infosys Ltd.,Information Technology,INFY
InterGlobe Aviation Ltd.,Services,INDIGO
JSW Energy Ltd.,Power,JSWENERGY
JSW Steel Ltd.,Metals & Mining,JSWSTEEL
Jindal Steel & Power Ltd.,Metals & Mining,JINDALSTEL
Jio Financial Services Ltd.,Financial Services,JIOFIN
Kotak Mahindra Bank Ltd.,Financial Services,KOTAKBANK
LTIMindtree Ltd.,Information Technology,LTIM
Larsen & Toubro Ltd.,Construction,LT
Life Insurance Corporation of India,Financial Services,LICI
Macrotech Developers Ltd.,Realty,LODHA
Mahindra & Mahindra Ltd.,Automobile and Auto Components,M&M
Maruti Suzuki India Ltd.,Automobile and Auto Components,MARUTI
NHPC Ltd.,Power,NHPC
NTPC Ltd.,Power,NTPC
Nestle India Ltd.,Fast Moving Consumer Goods,NESTLEIND
Oil & Natural Gas Corporation Ltd.,Oil Gas & Consumable Fuels,ONGC
Pidilite Industries Ltd.,Chemicals,PIDILITIND
Power Finance Corporation Ltd.,Financial Services,PFC
Power Grid Corporation of India Ltd.,Power,POWERGRID
Punjab National Bank,Financial Services,PNB
REC Ltd.,Financial Services,RECLTD
Reliance Industries Ltd.,Oil Gas & Consumable Fuels,RELIANCE
SBI Life Insurance Company Ltd.,Financial Services,SBILIFE
Samvardhana Motherson International Ltd.,Automobile and Auto Components,MOTHERSON
Shree Cement Ltd.,Construction Materials,SHREECEM
Shriram Finance Ltd.,Financial Services,SHRIRAMFIN
Siemens Ltd.,Capital Goods,SIEMENS
State Bank of India,Financial Services,SBIN
Sun Pharmaceutical Industries Ltd.,Healthcare,SUNPHARMA
TVS Motor Company Ltd.,Automobile and Auto Components,TVSMOTOR
Tata Consultancy Services Ltd.,Information Technology,TCS
Tata Consumer Products Ltd.,Fast Moving Consumer Goods,TATACONSUM
Tata Motors Ltd.,Automobile and Auto Components,TATAMOTORS
Tata Power Co. Ltd.,Power,TATAPOWER
Tata Steel Ltd.,Metals & Mining,TATASTEEL
Tech Mahindra Ltd.,Information Technology,TECHM
Titan Company Ltd.,Consumer Durables,TITAN
Torrent Pharmaceuticals Ltd.,Healthcare,TORNTPHARM
Trent Ltd.,Consumer Services,TRENT
UltraTech Cement Ltd.,Construction Materials,ULTRACEMCO
Union Bank of India,Financial Services,UNIONBANK
United Spirits Ltd.,Fast Moving Consumer Goods,UNITDSPR
Varun Beverages Ltd.,Fast Moving Consumer Goods,VBL
Vedanta Ltd.,Metals & Mining,VEDL
Wipro Ltd.,Information Technology,WIPRO
Zomato Ltd.,Consumer Services,ZOMATO
Zydus Lifesciences Ltd.,Healthcare,ZYDUSLIFE
360 ONE WAM Ltd.,Financial Services,360ONE
Aadhar Housing Finance Ltd.,Financial Services,AADHARHFC
Aarti Industries Ltd.,Chemicals,AARTIIND
Aavas Financiers Ltd.,Financial Services,AAVAS
Action Construction Equipment Ltd.,Capital Goods,ACE
Aditya Birla Real Estate Ltd.,Forest Materials,ABREL
Aditya Birla Sun Life AMC Ltd.,Financial Services,ABSLAMC
Aegis Logistics Ltd.,Oil Gas & Consumable Fuels,AEGISLOG
Affle (India) Ltd.,Information Technology,AFFLE
Alembic Pharmaceuticals Ltd.,Healthcare,APLLTD
Alkyl Amines Chemicals Ltd.,Chemicals,ALKYLAMINE
Alok Industries Ltd.,Textiles,ALOKINDS
Amara Raja Energy & Mobility Ltd.,Automobile and Auto Components,ARE&M
Amber Enterprises India Ltd.,Consumer Durables,AMBER
Anand Rathi Wealth Ltd.,Financial Services,ANANDRATHI
Anant Raj Ltd.,Realty,ANANTRAJ
Angel One Ltd.,Financial Services,ANGELONE
Apar Industries Ltd.,Capital Goods,APARINDS
Aptus Value Housing Finance India Ltd.,Financial Services,APTUS
Archean Chemical Industries Ltd.,Chemicals,ACI
Asahi India Glass Ltd.,Automobile and Auto Components,ASAHIINDIA
Aster DM Healthcare Ltd.,Healthcare,ASTERDM
AstraZenca Pharma India Ltd.,Healthcare,ASTRAZEN
Atul Ltd.,Chemicals,ATUL
Avanti Feeds Ltd.,Fast Moving Consumer Goods,AVANTIFEED
BASF India Ltd.,Chemicals,BASF
BEML Ltd.,Capital Goods,BEML
BLS International Services Ltd.,Consumer Services,BLS
Balaji Amines Ltd.,Chemicals,BALAMINES
Balrampur Chini Mills Ltd.,Fast Moving Consumer Goods,BALRAMCHIN
Bata India Ltd.,Consumer Durables,BATAINDIA
Bikaji Foods International Ltd.,Fast Moving Consumer Goods,BIKAJI
Birla Corporation Ltd.,Construction Materials,BIRLACORPN
Birlasoft Ltd.,Information Technology,BSOFT
Blue Dart Express Ltd.,Services,BLUEDART
Blue Star Ltd.,Consumer Durables,BLUESTARCO
Bombay Burmah Trading Corporation Ltd.,Fast Moving Consumer Goods,BBTC
Brigade Enterprises Ltd.,Realty,BRIGADE
C.E. Info Systems Ltd.,Information Technology,MAPMYINDIA
CCL Products (I) Ltd.,Fast Moving Consumer Goods,CCL
CESC Ltd.,Power,CESC
CIE Automotive India Ltd.,Automobile and Auto Components,CIEINDIA
Campus Activewear Ltd.,Consumer Durables,CAMPUS
Can Fin Homes Ltd.,Financial Services,CANFINHOME
Caplin Point Laboratories Ltd.,Healthcare,CAPLIPOINT
Capri Global Capital Ltd.,Financial Services,CGCL
Castrol India Ltd.,Oil Gas & Consumable Fuels,CASTROLIND
Ceat Ltd.,Automobile and Auto Components,CEATLTD
Cello World Ltd.,Consumer Durables,CELLO
Central Bank of India,Financial Services,CENTRALBK
Central Depository Services (India) Ltd.,Financial Services,CDSL
Century Plyboards (India) Ltd.,Consumer Durables,CENTURYPLY
Cera Sanitaryware Ltd,Consumer Durables,CERA
Chalet Hotels Ltd.,Consumer Services,CHALET
Chambal Fertilizers & Chemicals Ltd.,Chemicals,CHAMBLFERT
Chemplast Sanmar Ltd.,Chemicals,CHEMPLASTS
Chennai Petroleum Corporation Ltd.,Oil Gas & Consumable Fuels,CHENNPETRO
Cholamandalam Financial Holdings Ltd.,Financial Services,CHOLAHLDNG
City Union Bank Ltd.,Financial Services,CUB
Clean Science and Technology Ltd.,Chemicals,CLEAN
Computer Age Management Services Ltd.,Financial Services,CAMS
Concord Biotech Ltd.,Healthcare,CONCORDBIO
Craftsman Automation Ltd.,Automobile and Auto Components,CRAFTSMAN
CreditAccess Grameen Ltd.,Financial Services,CREDITACC
Crompton Greaves Consumer Electricals Ltd.,Consumer Durables,CROMPTON
Cyient Ltd.,Information Technology,CYIENT
DOMS Industries Ltd.,Fast Moving Consumer Goods,DOMS
Data Patterns (India) Ltd.,Capital Goods,DATAPATTNS
Deepak Fertilisers & Petrochemicals Corp. Ltd.,Chemicals,DEEPAKFERT
Devyani International Ltd.,Consumer Services,DEVYANI
Dr. Lal Path Labs Ltd.,Healthcare,LALPATHLAB
E.I.D. Parry (India) Ltd.,Chemicals,EIDPARRY
EIH Ltd.,Consumer Services,EIHOTEL
Easy Trip Planners Ltd.,Consumer Services,EASEMYTRIP
Elecon Engineering Co. Ltd.,Capital Goods,ELECON
Elgi Equipments Ltd.,Capital Goods,ELGIEQUIP
Emcure Pharmaceuticals Ltd.,Healthcare,EMCURE
Engineers India Ltd.,Construction,ENGINERSIN
Equitas Small Finance Bank Ltd.,Financial Services,EQUITASBNK
Eris Lifesciences Ltd.,Healthcare,ERIS
Fine Organic Industries Ltd.,Chemicals,FINEORG
Finolex Cables Ltd.,Capital Goods,FINCABLES
Finolex Industries Ltd.,Capital Goods,FINPIPE
Firstsource Solutions Ltd.,Services,FSL
Five-Star Business Finance Ltd.,Financial Services,FIVESTAR
G R Infraprojects Ltd.,Construction,GRINFRA
GE T&D India Ltd.,Capital Goods,GET&D
Garden Reach Shipbuilders & Engineers Ltd.,Capital Goods,GRSE
Gillette India Ltd.,Fast Moving Consumer Goods,GILLETTE
Glenmark Pharmaceuticals Ltd.,Healthcare,GLENMARK
Go Digit General Insurance Ltd.,Financial Services,GODIGIT
Godawari Power & Ispat Ltd.,Capital Goods,GPIL
Godfrey Phillips India Ltd.,Fast Moving Consumer Goods,GODFRYPHLP
Godrej Agrovet Ltd.,Fast Moving Consumer Goods,GODREJAGRO
Granules India Ltd.,Healthcare,GRANULES
Graphite India Ltd.,Capital Goods,GRAPHITE
Great Eastern Shipping Co. Ltd.,Services,GESHIP
Gujarat Ambuja Exports Ltd.,Fast Moving Consumer Goods,GAEL
Gujarat Mineral Development Corporation Ltd.,Metals & Mining,GMDCLTD
Gujarat Narmada Valley Fertilizers and Chemicals Ltd.,Chemicals,GNFC
Gujarat Pipavav Port Ltd.,Services,GPPL
Gujarat State Fertilizers & Chemicals Ltd.,Chemicals,GSFC
Gujarat State Petronet Ltd.,Oil Gas & Consumable Fuels,GSPL
H.E.G. Ltd.,Capital Goods,HEG
HBL Power Systems Ltd.,Automobile and Auto Components,HBLPOWER
HFCL Ltd.,Telecommunication,HFCL
Happiest Minds Technologies Ltd.,Information Technology,HAPPSTMNDS
Himadri Speciality Chemical Ltd.,Chemicals,HSCL
Hindustan Copper Ltd.,Metals & Mining,HINDCOPPER
Home First Finance Company India Ltd.,Financial Services,HOMEFIRST
Honasa Consumer Ltd.,Fast Moving Consumer Goods,HONASA
ICICI Securities Ltd.,Financial Services,ISEC
IFCI Ltd.,Financial Services,IFCI
IIFL Finance Ltd.,Financial Services,IIFL
INOX India Ltd.,Capital Goods,INOXINDIA
IRCON International Ltd.,Construction,IRCON
ITI Ltd.,Telecommunication,ITI
Indegene Ltd.,Healthcare,INDGN
India Cements Ltd.,Construction Materials,INDIACEM
Indiamart Intermesh Ltd.,Consumer Services,INDIAMART
Indian Energy Exchange Ltd.,Financial Services,IEX
Inox Wind Ltd.,Capital Goods,INOXWIND
Intellect Design Arena Ltd.,Information Technology,INTELLECT
J.B. Chemicals & Pharmaceuticals Ltd.,Healthcare,JBCHEPHARM
JBM Auto Ltd.,Automobile and Auto Components,JBMA
JK Lakshmi Cement Ltd.,Construction Materials,JKLAKSHMI
JK Tyre & Industries Ltd.,Automobile and Auto Components,JKTYRE
JM Financial Ltd.,Financial Services,JMFINANCIL
Jaiprakash Power Ventures Ltd.,Power,JPPOWER
Jammu & Kashmir Bank Ltd.,Financial Services,J&KBANK
Jindal Saw Ltd.,Capital Goods,JINDALSAW
Jubilant Ingrevia Ltd.,Chemicals,JUBLINGREA
Jubilant Pharmova Ltd.,Healthcare,JUBLPHARMA
Jupiter Wagons Ltd.,Capital Goods,JWL
Justdial Ltd.,Consumer Services,JUSTDIAL
Jyothy Labs Ltd.,Fast Moving Consumer Goods,JYOTHYLAB
Jyoti CNC Automation Ltd.,Capital Goods,JYOTICNC
KNR Constructions Ltd.,Construction,KNRCON
KSB Ltd.,Capital Goods,KSB
Kajaria Ceramics Ltd.,Consumer Durables,KAJARIACER
Kalpataru Projects International Ltd.,Construction,KPIL
Kansai Nerolac Paints Ltd.,Consumer Durables,KANSAINER
Karur Vysya Bank Ltd.,Financial Services,KARURVYSYA
Kaynes Technology India Ltd.,Capital Goods,KAYNES
Kec International Ltd.,Construction,KEC
Kfin Technologies Ltd.,Financial Services,KFINTECH
Kirloskar Brothers Ltd.,Capital Goods,KIRLOSBROS
Kirloskar Oil Eng Ltd.,Capital Goods,KIRLOSENG
Krishna Institute of Medical Sciences Ltd.,Healthcare,KIMS
Latent View Analytics Ltd.,Information Technology,LATENTVIEW
Laurus Labs Ltd.,Healthcare,LAURUSLABS
Lemon Tree Hotels Ltd.,Consumer Services,LEMONTREE
MMTC Ltd.,Services,MMTC
Mahanagar Gas Ltd.,Oil Gas & Consumable Fuels,MGL
Maharashtra Seamless Ltd.,Capital Goods,MAHSEAMLES
Mahindra Lifespace Developers Ltd.,Realty,MAHLIFE
Manappuram Finance Ltd.,Financial Services,MANAPPURAM
Mastek Ltd.,Information Technology,MASTEK
Metropolis Healthcare Ltd.,Healthcare,METROPOLIS
Minda Corporation Ltd.,Automobile and Auto Components,MINDACORP
Motilal Oswal Financial Services Ltd.,Financial Services,MOTILALOFS
Multi Commodity Exchange of India Ltd.,Financial Services,MCX
NATCO Pharma Ltd.,Healthcare,NATCOPHARM
NBCC (India) Ltd.,Construction,NBCC
NCC Ltd.,Construction,NCC
NMDC Steel Ltd.,Metals & Mining,NSLNISP
Narayana Hrudayalaya Ltd.,Healthcare,NH
National Aluminium Co. Ltd.,Metals & Mining,NATIONALUM
Navin Fluorine International Ltd.,Chemicals,NAVINFLUOR
Netweb Technologies India Ltd.,Information Technology,NETWEB
Network18 Media & Investments Ltd.,Media Entertainment & Publication,NETWORK18
Newgen Software Technologies Ltd.,Information Technology,NEWGEN
Nuvama Wealth Management Ltd.,Financial Services,NUVAMA
Nuvoco Vistas Corporation Ltd.,Construction Materials,NUVOCO
Olectra Greentech Ltd.,Automobile and Auto Components,OLECTRA
PCBL Ltd.,Chemicals,PCBL
PNB Housing Finance Ltd.,Financial Services,PNBHOUSING
PNC Infratech Ltd.,Construction,PNCINFRA
PTC Industries Ltd.,Capital Goods,PTCIL
PVR INOX Ltd.,Media Entertainment & Publication,PVRINOX
Pfizer Ltd.,Healthcare,PFIZER
Piramal Enterprises Ltd.,Financial Services,PEL
Piramal Pharma Ltd.,Healthcare,PPLPHARMA
Poly Medicure Ltd.,Healthcare,POLYMED
Praj Industries Ltd.,Capital Goods,PRAJIND
Quess Corp Ltd.,Services,QUESS
R R Kabel Ltd.,Capital Goods,RRKABEL
RBL Bank Ltd.,Financial Services,RBLBANK
RHI MAGNESITA INDIA LTD.,Capital Goods,RHIM
RITES Ltd.,Construction,RITES
Radico Khaitan Ltd,Fast Moving Consumer Goods,RADICO
Railtel Corporation Of India Ltd.,Telecommunication,RAILTEL
Rainbow Childrens Medicare Ltd.,Healthcare,RAINBOW
Rajesh Exports Ltd.,Consumer Durables,RAJESHEXPO
Ramkrishna Forgings Ltd.,Automobile and Auto Components,RKFORGE
Rashtriya Chemicals & Fertilizers Ltd.,Chemicals,RCF
Ratnamani Metals & Tubes Ltd.,Capital Goods,RATNAMANI
RattanIndia Enterprises Ltd.,Consumer Services,RTNINDIA
Raymond Ltd.,Realty,RAYMOND
Redington Ltd.,Services,REDINGTON
Route Mobile Ltd.,Telecommunication,ROUTE
SBFC Finance Ltd.,Financial Services,SBFC
Sammaan Capital Ltd.,Financial Services,SAMMAANCAP
Sanofi India Ltd.,Healthcare,SANOFI
Sapphire Foods India Ltd.,Consumer Services,SAPPHIRE
Saregama India Ltd,Media Entertainment & Publication,SAREGAMA
Schneider Electric Infrastructure Ltd.,Capital Goods,SCHNEIDER
Shipping Corporation of India Ltd.,Services,SCI
Shree Renuka Sugars Ltd.,Fast Moving Consumer Goods,RENUKA
Shyam Metalics and Energy Ltd.,Capital Goods,SHYAMMETL
Signatureglobal (India) Ltd.,Realty,SIGNATURE
Sobha Ltd.,Realty,SOBHA
Sonata Software Ltd.,Information Technology,SONATSOFTW
Sterling and Wilson Renewable Energy Ltd.,Construction,SWSOLAR
Sumitomo Chemical India Ltd.,Chemicals,SUMICHEM
Sun Pharma Advanced Research Company Ltd.,Healthcare,SPARC
Suven Pharmaceuticals Ltd.,Healthcare,SUVENPHAR
Swan Energy Ltd.,Diversified,SWANENERGY
Syrma SGS Technology Ltd.,Capital Goods,SYRMA
TBO Tek Ltd.,Consumer Services,TBOTEK
TV18 Broadcast Ltd.,Media Entertainment & Publication,TV18BRDCST
TVS Supply Chain Solutions Ltd.,Services,TVSSCS
Tanla Platforms Ltd.,Information Technology,TANLA
Tata Teleservices (Maharashtra) Ltd.,Telecommunication,TTML
Techno Electric & Engineering Company Ltd.,Construction,TECHNOE
Tejas Networks Ltd.,Telecommunication,TEJASNET
The Ramco Cements Ltd.,Construction Materials,RAMCOCEM
Titagarh Rail Systems Ltd.,Capital Goods,TITAGARH
Trident Ltd.,Textiles,TRIDENT
Triveni Engineering & Industries Ltd.,Fast Moving Consumer Goods,TRIVENI
Triveni Turbine Ltd.,Capital Goods,TRITURBINE
UCO Bank,Financial Services,UCOBANK
UTI Asset Management Company Ltd.,Financial Services,UTIAMC
Ujjivan Small Finance Bank Ltd.,Financial Services,UJJIVANSFB
Usha Martin Ltd.,Capital Goods,USHAMART
V-Guard Industries Ltd.,Consumer Durables,VGUARD
V.I.P. Industries Ltd.,Consumer Durables,VIPIND
Valor Estate Ltd.,Realty,DBREALTY
Vardhman Textiles Ltd.,Textiles,VTL
Varroc Engineering Ltd.,Automobile and Auto Components,VARROC
Vedant Fashions Ltd.,Consumer Services,MANYAVAR
Vijaya Diagnostic Centre Ltd.,Healthcare,VIJAYA
Vinati Organics Ltd.,Chemicals,VINATIORGA
Welspun Corp Ltd.,Capital Goods,WELCORP
Welspun Living Ltd.,Textiles,WELSPUNLIV
Westlife Foodworld Ltd.,Consumer Services,WESTLIFE
Whirlpool of India Ltd.,Consumer Durables,WHIRLPOOL
Zee Entertainment Enterprises Ltd.,Media Entertainment & Publication,ZEEL
Zensar Technolgies Ltd.,Information Technology,ZENSARTECH
eClerx Services Ltd.,Services,ECLERX
3M India Ltd.,Diversified,3MINDIA
ACC Ltd.,Construction Materials,ACC
AIA Engineering Ltd.,Capital Goods,AIAENG
APL Apollo Tubes Ltd.,Capital Goods,APLAPOLLO
AU Small Finance Bank Ltd.,Financial Services,AUBANK
Abbott India Ltd.,Healthcare,ABBOTINDIA
Adani Wilmar Ltd.,Fast Moving Consumer Goods,AWL
Aditya Birla Capital Ltd.,Financial Services,ABCAPITAL
Aditya Birla Fashion and Retail Ltd.,Consumer Services,ABFRL
Ajanta Pharmaceuticals Ltd.,Healthcare,AJANTPHARM
Alkem Laboratories Ltd.,Healthcare,ALKEM
Apollo Tyres Ltd.,Automobile and Auto Components,APOLLOTYRE
Ashok Leyland Ltd.,Capital Goods,ASHOKLEY
Astral Ltd.,Capital Goods,ASTRAL
Aurobindo Pharma Ltd.,Healthcare,AUROPHARMA
BSE Ltd.,Financial Services,BSE
Balkrishna Industries Ltd.,Automobile and Auto Components,BALKRISIND
Bandhan Bank Ltd.,Financial Services,BANDHANBNK
Bank of India,Financial Services,BANKINDIA
Bank of Maharashtra,Financial Services,MAHABANK
Bayer Cropscience Ltd.,Chemicals,BAYERCROP
Berger Paints India Ltd.,Consumer Durables,BERGEPAINT
Bharat Dynamics Ltd.,Capital Goods,BDL
Bharat Forge Ltd.,Automobile and Auto Components,BHARATFORG
Bharti Hexacom Ltd.,Telecommunication,BHARTIHEXA
Biocon Ltd.,Healthcare,BIOCON
CG Power and Industrial Solutions Ltd.,Capital Goods,CGPOWER
CRISIL Ltd.,Financial Services,CRISIL
Carborundum Universal Ltd.,Capital Goods,CARBORUNIV
Cochin Shipyard Ltd.,Capital Goods,COCHINSHIP
Coforge Ltd.,Information Technology,COFORGE
Colgate Palmolive (India) Ltd.,Fast Moving Consumer Goods,COLPAL
Container Corporation of India Ltd.,Services,CONCOR
Coromandel International Ltd.,Chemicals,COROMANDEL
Cummins India Ltd.,Capital Goods,CUMMINSIND
Dalmia Bharat Ltd.,Construction Materials,DALBHARAT
Deepak Nitrite Ltd.,Chemicals,DEEPAKNTR
Delhivery Ltd.,Services,DELHIVERY
Dixon Technologies (India) Ltd.,Consumer Durables,DIXON
Emami Ltd.,Fast Moving Consumer Goods,EMAMILTD
Endurance Technologies Ltd.,Automobile and Auto Components,ENDURANCE
Escorts Kubota Ltd.,Capital Goods,ESCORTS
Exide Industries Ltd.,Automobile and Auto Components,EXIDEIND
FSN E-Commerce Ventures Ltd.,Consumer Services,NYKAA
Federal Bank Ltd.,Financial Services,FEDERALBNK
Fertilisers and Chemicals Travancore Ltd.,Chemicals,FACT
Fortis Healthcare Ltd.,Healthcare,FORTIS
GMR Airports Infrastructure Ltd.,Services,GMRINFRA
General Insurance Corporation of India,Financial Services,GICRE
Gland Pharma Ltd.,Healthcare,GLAND
Glaxosmithkline Pharmaceuticals Ltd.,Healthcare,GLAXO
Global Health Ltd.,Healthcare,MEDANTA
Godrej Industries Ltd.,Diversified,GODREJIND
Godrej Properties Ltd.,Realty,GODREJPROP
Grindwell Norton Ltd.,Capital Goods,GRINDWELL
Gujarat Fluorochemicals Ltd.,Chemicals,FLUOROCHEM
Gujarat Gas Ltd.,Oil Gas & Consumable Fuels,GUJGASLTD
HDFC Asset Management Company Ltd.,Financial Services,HDFCAMC
Hindustan Petroleum Corporation Ltd.,Oil Gas & Consumable Fuels,HINDPETRO
Hindustan Zinc Ltd.,Metals & Mining,HINDZINC
Hitachi Energy India Ltd.,Capital Goods,POWERINDIA
Honeywell Automation India Ltd.,Capital Goods,HONAUT
Housing & Urban Development Corporation Ltd.,Financial Services,HUDCO
IDBI Bank Ltd.,Financial Services,IDBI
IDFC First Bank Ltd.,Financial Services,IDFCFIRSTB
IRB Infrastructure Developers Ltd.,Construction,IRB
Indian Bank,Financial Services,INDIANB
Indian Hotels Co. Ltd.,Consumer Services,INDHOTEL
Indian Overseas Bank,Financial Services,IOB
Indian Renewable Energy Development Agency Ltd.,Financial Services,IREDA
Indraprastha Gas Ltd.,Oil Gas & Consumable Fuels,IGL
Indus Towers Ltd.,Telecommunication,INDUSTOWER
Ipca Laboratories Ltd.,Healthcare,IPCALAB
J.K. Cement Ltd.,Construction Materials,JKCEMENT
JSW Infrastructure Ltd.,Services,JSWINFRA
Jindal Stainless Ltd.,Metals & Mining,JSL
Jubilant Foodworks Ltd.,Consumer Services,JUBLFOOD
K.P.R. Mill Ltd.,Textiles,KPRMILL
KEI Industries Ltd.,Capital Goods,KEI
KPIT Technologies Ltd.,Information Technology,KPITTECH
Kalyan Jewellers India Ltd.,Consumer Durables,KALYANKJIL
L&T Finance Ltd.,Financial Services,LTF
L&T Technology Services Ltd.,Information Technology,LTTS
LIC Housing Finance Ltd.,Financial Services,LICHSGFIN
Linde India Ltd.,Chemicals,LINDEINDIA
Lloyds Metals And Energy Ltd.,Metals & Mining,LLOYDSME
Lupin Ltd.,Healthcare,LUPIN
MRF Ltd.,Automobile and Auto Components,MRF
Mahindra & Mahindra Financial Services Ltd.,Financial Services,M&MFIN
Mangalore Refinery & Petrochemicals Ltd.,Oil Gas & Consumable Fuels,MRPL
Mankind Pharma Ltd.,Healthcare,MANKIND
Marico Ltd.,Fast Moving Consumer Goods,MARICO
Max Financial Services Ltd.,Financial Services,MFSL
Max Healthcare Institute Ltd.,Healthcare,MAXHEALTH
Mazagoan Dock Shipbuilders Ltd.,Capital Goods,MAZDOCK
Metro Brands Ltd.,Consumer Durables,METROBRAND
Motherson Sumi Wiring India Ltd.,Automobile and Auto Components,MSUMI
MphasiS Ltd.,Information Technology,MPHASIS
Muthoot Finance Ltd.,Financial Services,MUTHOOTFIN
NLC India Ltd.,Power,NLCINDIA
NMDC Ltd.,Metals & Mining,NMDC
Nippon Life India Asset Management Ltd.,Financial Services,NAM-INDIA
Oberoi Realty Ltd.,Realty,OBEROIRLTY
Oil India Ltd.,Oil Gas & Consumable Fuels,OIL
One 97 Communications Ltd.,Financial Services,PAYTM
Oracle Financial Services Software Ltd.,Information Technology,OFSS
PB Fintech Ltd.,Financial Services,POLICYBZR
PI Industries Ltd.,Chemicals,PIIND
Page Industries Ltd.,Textiles,PAGEIND
Patanjali Foods Ltd.,Fast Moving Consumer Goods,PATANJALI
Persistent Systems Ltd.,Information Technology,PERSISTENT
Petronet LNG Ltd.,Oil Gas & Consumable Fuels,PETRONET
Phoenix Mills Ltd.,Realty,PHOENIXLTD
Polycab India Ltd.,Capital Goods,POLYCAB
Poonawalla Fincorp Ltd.,Financial Services,POONAWALLA
Prestige Estates Projects Ltd.,Realty,PRESTIGE
Procter & Gamble Hygiene & Health Care Ltd.,Fast Moving Consumer Goods,PGHH
Rail Vikas Nigam Ltd.,Construction,RVNL
SBI Cards and Payment Services Ltd.,Financial Services,SBICARD
SJVN Ltd.,Power,SJVN
SKF India Ltd.,Capital Goods,SKFINDIA
SRF Ltd.,Chemicals,SRF
Schaeffler India Ltd.,Automobile and Auto Components,SCHAEFFLER
Solar Industries India Ltd.,Chemicals,SOLARINDS
Sona BLW Precision Forgings Ltd.,Automobile and Auto Components,SONACOMS
Star Health and Allied Insurance Company Ltd.,Financial Services,STARHEALTH
Steel Authority of India Ltd.,Metals & Mining,SAIL
Sun TV Network Ltd.,Media Entertainment & Publication,SUNTV
Sundaram Finance Ltd.,Financial Services,SUNDARMFIN
Sundram Fasteners Ltd.,Automobile and Auto Components,SUNDRMFAST
Supreme Industries Ltd.,Capital Goods,SUPREMEIND
Suzlon Energy Ltd.,Capital Goods,SUZLON
Syngene International Ltd.,Healthcare,SYNGENE
Tata Chemicals Ltd.,Chemicals,TATACHEM
Tata Communications Ltd.,Telecommunication,TATACOMM
Tata Elxsi Ltd.,Information Technology,TATAELXSI
Tata Investment Corporation Ltd.,Financial Services,TATAINVEST
Tata Technologies Ltd.,Information Technology,TATATECH
The New India Assurance Company Ltd.,Financial Services,NIACL
Thermax Ltd.,Capital Goods,THERMAX
Timken India Ltd.,Capital Goods,TIMKEN
Torrent Power Ltd.,Power,TORNTPOWER
Tube Investments of India Ltd.,Automobile and Auto Components,TIINDIA
UNO Minda Ltd.,Automobile and Auto Components,UNOMINDA
UPL Ltd.,Chemicals,UPL
United Breweries Ltd.,Fast Moving Consumer Goods,UBL
Vodafone Idea Ltd.,Telecommunication,IDEA
Voltas Ltd.,Consumer Durables,VOLTAS
Yes Bank Ltd.,Financial Services,YESBANK
ZF Commercial Vehicle Control Systems India Ltd.,Automobile and Auto Components,ZFCVINDIA